Start200Longitude,Start200Latitude,End200Longitude,End200Latitude,weight200
114.194047,30.61776178,114.1995486,30.61534768,219
114.1995524,30.61535136,114.194047,30.61776178,209